metric,estimate,lower,upper
AUC,0.6240789861479515,0.5789021301106485,0.6944649505162399
PPV,0.5789473684210527,0.4694890673806337,0.6842105263157895
