metric,estimate,lower,upper,numerator,denominator
Sensitivity,0.3793103448275862,0.2962210290773475,0.4701369552501514,44,116
Specificity,0.8632478632478633,0.8133229728571888,0.9014388724616335,202,234
PPV,0.5789473684210527,0.4667840461701028,0.6835138088196124,44,76
NPV,0.7372262773722628,0.6820888944583632,0.7858038403112737,202,274
