tumor_type,subgroup,n,or,lower,upper,tmb_group
CRC,Tumor: CRC,120,3.5039999999894103,1.3539535494007628,9.291034159490836,NA
NSCLC,Tumor: NSCLC,169,3.343653250769558,1.626729280605432,7.021741153981076,NA
Other,Tumor: Other,61,6.933333333333184,1.8887010530555743,28.16865298088473,NA
NA,High TMB,178,3.9133522727155423,1.988864698048216,7.8427946620148,High TMB
NA,Low TMB,172,4.012499999989552,1.6854633446626444,9.937503474098115,Low TMB
