metric,estimate,lower,upper,denominator
PPA,0.3333333333333333,0.26534451344875165,0.4090433001655497,162
NPA,0.9197530864197531,0.8921785350258209,0.940744021146273,486
