variant_id,gene,estimate_LOD50,estimate_LOD95,lower_LOD50,lower_LOD95,upper_LOD50,upper_LOD95
VAR1,EGFR,16.228115291344963,1670.8548701988907,7.059240984232929,150.6619724293387,122.06452068864793,506026.28288125107
VAR2,KRAS,15.02653990392442,467.49343661245837,7.479584216071162,80.9621047169839,47.68771464184458,7624.7558874761035
VAR3,BRAF,36.67437055762813,4803.001412129685,12.279888685542755,328.1026724519379,353.4485261651826,1171926.8183478322
